Region,Latitude,Longitude
Germany,51.1657,10.4515
France,46.2276,2.2137
Italy,41.8719,12.5674
Spain,40.4637,-3.7492
Poland,51.9194,19.1451
Romania,45.9432,24.9668
Sweden,60.1282,18.6435
Czechia,49.8175,15.473
Portugal,39.3999,-8.2245
Belgium,50.5039,4.4699
Greece,39.0742,21.8243
Hungary,47.1625,19.5033
Austria,47.5162,14.5501
Bulgaria,42.7339,25.4858
Serbia,44.0165,21.0059
Denmark,56.2639,9.5018
Finland,61.9241,25.7482
Ireland,53.1424,-7.6921
Slovakia,48.669,19.699
Croatia,45.1,15.2
Lithuania,55.1694,23.8813
Slovenia,46.1512,14.9955
Latvia,56.8796,24.6032
North Macedonia,41.6086,21.7453
Estonia,58.5953,25.0136
Luxembourg,49.8153,6.1296
Cyprus,35.0956,33.2034
Malta,35.9375,14.3754
