Region,Latitude,Longitude
Ile de France,48.8566,2.3522
Lombardia,45.4642,9.1900
Cataluña,41.3825,2.1769
Comunidad de Madrid,40.4168,-3.7038
Andalucía,37.3891,-5.9845
Rhône-Alpes,45.7578,4.8320
Oberbayern,48.1364,11.5775
Düsseldorf,51.2277,6.7735
Lazio,41.9028,12.4964
Köln,50.9375,6.9603
Stuttgart,48.7758,9.1829
Darmstadt,49.8728,8.6512
Veneto,45.4342,12.3388
Provence-Alpes-Côte d'Azur,43.2965,5.3698
Emilia-Romagna,44.4949,11.3426
Berlin,52.5200,13.4050
Comunitat Valenciana,39.4699,-0.3763
Zuid-Holland,52.0705,4.3007
Śląskie,50.2649,19.0238
Attiki,37.9838,23.7275
Warszawski stołeczny,52.2297,21.0122
Arnsberg,51.4799,7.5550
Campania,40.8518,14.2681
Piemonte,45.0703,7.6869
Noord-Holland,52.5200,4.7885
Wielkopolskie,52.4063,16.9252
Pays de la Loire,47.2184,-1.5536
Norte,41.1621,-8.6220
Toscana,43.7711,11.2486
Nord-Pas de Calais,50.6292,3.0573
Budapest,47.4979,19.0402
Karlsruhe,49.0141,8.4044
Małopolskie,50.0614,19.9366
Nord-Est,45.5387,10.2222
Aquitaine,44.8378,-0.5792
Sicilia,38.1157,13.3624
Noord-Brabant,51.6850,5.3034
Schleswig-Holstein,54.3233,10.1408
Bretagne,48.1173,-1.6778
Weser-Ems,53.1833,7.4833
Puglia,41.1258,16.8670
Stockholm,59.3293,18.0686
Midi-Pyrénées,43.6045,1.4440
Münster,51.9625,7.6256
Dolnośląskie,51.1079,17.0385
Yugozapaden,42.6977,23.3219
Hamburg,53.5511,9.9937
Eastern and Midland,53.3498,-6.2603
Bucureşti-Ilfov,44.4268,26.1025
Freiburg,48.0223,7.8391
Grande Lisboa,38.7223,-9.1393
Nord-Vest,46.7700,23.5800
Hannover,52.3759,9.7320
Detmold,51.9386,8.8732
Brandenburg,52.4125,12.5316
Gelderland,52.0452,5.8718
Łódzkie,51.7592,19.4550
Languedoc-Roussillon,43.6119,3.8772
Hovedstaden,55.6761,12.5683
Sud-Muntenia,44.3302,26.1039
Pomorskie,54.3520,18.6466
Galicia,42.5751,-8.1339
Wien,48.2082,16.3738
Tübingen,48.5216,9.0576
Oslo og Viken,59.9139,10.7522
Västsverige,57.7210,12.9400
Mittelfranken,49.4556,11.0785
Beogradski region,44.7866,20.4489
Schwaben,48.3665,10.8944
Thüringen,50.9848,11.0299
Rheinhessen-Pfalz,49.9137,7.4481
Centre — Val de Loire,47.7516,1.6751
País Vasco,42.9896,-2.6189
Sachsen-Anhalt,52.1205,11.6276
Castilla y León,41.8357,-4.3976
Sud-Est,47.1585,27.6014
Centru,46.0667,23.5833
Helsinki-Uusimaa,60.1699,24.9384
Praha,50.0755,14.4378
Region Sumadije i Zapadne Srbije,43.8563,20.3491
Vidurio ir vakarų Lietuvos regionas,55.1694,23.8813
Latvija,56.9496,24.1052
Mazowiecki regionalny,52.2297,21.0122
Kujawsko-pomorskie,53.0099,18.5984
Lubelskie,51.2465,22.5684
Prov. Antwerpen,51.2194,4.4025
Utrecht,52.0907,5.1214
Podkarpackie,50.0412,22.0001
Jihovýchod,49.1951,16.6068
Braunschweig,52.2689,10.5268
Lorraine,48.6921,6.1844
Östra Mellansverige,59.8586,17.6389
Canarias,28.2916,-16.6291
Dresden,51.0504,13.7373
Alsace,48.5800,7.7500
Sud-Vest Oltenia,44.3302,23.7949
Severna Makedonija,41.9981,21.4254
Západné Slovensko,48.1482,17.1067
Kentriki Makedonia,40.6401,22.9444
Oberösterreich,48.3069,14.2858
Region Vojvodine,45.2551,19.8449
Lüneburg,53.2465,10.4111
Southern,35.8989,14.5146
Mecklenburg-Vorpommern,53.6127,12.4296
Koblenz,50.3569,7.5890
Niederösterreich,48.3300,15.8990
Castilla-La Mancha,39.2796,-3.0977
Unterfranken,49.7923,9.9513
Vestlandet,60.3913,5.3221
Poitou-Charentes,46.5802,0.3404
Centro (PT),40.2111,-8.4291
Haute-Normandie,49.4432,1.0993
Sydsverige,55.7047,13.1910
Zachodniopomorskie,53.4285,14.5528
Région de Bruxelles-Capitale/Brussels Hoofdstedelijk Gewest,50.8503,4.3517
Vest,44.4268,26.1025
Severovýchod,49.8175,15.4730
Midtjylland,56.2639,9.5018
Chemnitz,50.8320,12.9248
Niederbayern,48.5667,12.1667
Picardie,49.8941,2.2958
Marche,43.6168,13.5189
Prov. Oost-Vlaanderen,51.0362,3.7373
Oberpfalz,49.0177,12.0975
Kassel,51.3127,9.4797
Liguria,44.4056,8.9463
Bourgogne,47.0525,4.3837
Steiermark,47.0707,15.4395
Region Juzne i Istocne Srbije,42.6723,21.1645
Overijssel,52.4388,6.2650
Eesti,58.5953,25.0136
Yuzhen tsentralen,42.6977,23.3219
Región de Murcia,37.9922,-1.1307
Länsi-Suomi,62.2415,25.7590
Syddanmark,55.3785,9.1324
Sardegna,39.2153,9.1096
Basse-Normandie,49.1829,-0.3707
Střední Čechy,50.0755,14.4378
Aragón,41.6488,-0.8891
Calabria,39.3088,16.3462
Jihozápad,49.1951,16.6068
Oberfranken,50.2594,11.9478
Limburg (NL),51.4427,5.8716
Warmińsko-mazurskie,53.7784,20.4801
Střední Morava,49.1951,16.6068
Východné Slovensko,48.6690,19.6990
Stredné Slovensko,48.6690,19.6990
Zahodna Slovenija,46.1512,14.9955
Pohjois- ja Itä-Suomi,64.0000,26.0000
Prov. West-Vlaanderen,51.0538,3.1454
Auvergne,45.7033,3.2549
Leipzig,51.3397,12.3731
Moravskoslezsko,49.8175,15.4730
Friuli-Venezia Giulia,45.6495,13.7768
Jadranska Hrvatska,45.1000,15.2000
Gießen,50.5850,8.6797
Saarland,49.3964,7.0230
Abruzzo,42.3512,13.3984
Champagne-Ardenne,48.8566,2.3522
Podlaskie,53.1325,23.1688
Świętokrzyskie,50.8661,20.6286
Etelä-Suomi,60.1699,24.9384
Pest,47.4979,19.0402
Közép-Dunántúl,47.6845,16.5831
Észak-Alföld,47.5316,21.6273
Prov. Vlaams-Brabant,50.8792,4.7010
Vzhodna Slovenija,46.1512,14.9955
Illes Balears,39.5342,2.8577
Luxembourg,49.6116,6.1319
Sostinės regionas,54.6872,25.2797
Severozápad,50.0755,14.4378
Kýpros,35.1264,33.4299
Bratislavský kraj,48.1482,17.1067
Dél-Alföld,46.2530,20.1414
Prov. Hainaut,50.5257,4.0621
Franche-Comté,47.2376,6.0226
Nyugat-Dunántúl,47.6845,16.5831
Småland med öarna,57.7210,12.9400
Bremen,53.0793,8.8017
Yugoiztochen,42.6977,23.3219
Lubuskie,52.2278,15.2410
Opolskie,50.6667,17.9333
Tirol,47.2692,11.4041
Prov. Liège,50.6451,5.5734
Northern and Western,53.3498,-6.2603
Panonska Hrvatska,45.1000,15.2000
Norra Mellansverige,59.8586,17.6389
Extremadura,39.4937,-6.0679
Principado de Asturias,43.3619,-5.8494
Észak-Magyarország,48.1036,20.7784
Severoiztochen,42.6977,23.3219
Prov. Limburg (BE),50.9739,5.3420
Umbria,43.1107,12.3898
Grad Zagreb,45.8150,15.9819
Severen tsentralen,42.6977,23.3219
Sjeverna Hrvatska,45.1000,15.2000
Sjælland,55.6761,12.5683
Oeste e Vale do Tejo,39.3999,-8.2245
Agder og Sør-Østlandet,58.1460,7.9958
La Réunion,-21.1151,55.5364
Friesland (NL),53.1642,5.7818
Salzburg,47.8095,13.0550
Dél-Dunántúl,46.2530,20.1414
Thessalia,39.6447,22.9311
Severozapaden,42.6977,23.3219
Groningen,53.2194,6.5665
Comunidad Foral de Navarra,42.6954,-1.6761
Provincia Autonoma di Bolzano/Bozen,46.4983,11.3548
Kriti,35.2401,24.8093
Nordjylland,56.2639,9.5018
Limousin,45.8932,1.2622
Malta,35.9375,14.3754
Dytiki Elláda,37.9838,23.7275
Kärnten,46.6249,14.3099
Península de Setúbal,38.5243,-8.8946
Provincia Autonoma di Trento,46.0667,11.1167
Övre Norrland,63.8258,20.2630
Trier,49.7569,6.6415
Nord-Norge,69.6492,18.9553
Peloponnisos,37.9838,23.7275
Trøndelag,63.4305,10.3951
Anatoliki Makedonia, Thraki,40.6401,22.9444
Drenthe,52.9476,6.6231
Sterea Elláda,37.9838,23.7275
Algarve,37.0194,-7.9304
Cantabria,43.1828,-3.9878
Alentejo,38.5667,-7.9000
Basilicata,40.6431,15.8051
Vorarlberg,47.2692,11.4041
Flevoland,52.5279,5.5954
Zeeland,51.4940,3.8497
Innlandet,61.1355,11.3746
Mellersta Norrland,63.8258,20.2630
Prov. Namur,50.4674,4.8720
Prov. Brabant wallon,50.6676,4.5435
Notio Aigaio,37.9838,23.7275
Martinique,14.6415,-61.0242
Guadeloupe,16.2650,-61.5510
Corse,42.0396,9.0129
La Rioja,42.2871,-2.5396
Ipeiros,39.0742,21.8243
Burgenland,47.1534,16.2689
Região Autónoma da Madeira,32.7607,-16.9595
Região Autónoma dos Açores,37.7412,-25.6756
Molise,41.6318,14.6012
Dytiki Makedonia,40.6401,22.9444
Prov. Luxembourg (BE),49.8153,6.1296
Ionia Nisia,37.9838,23.7275
Voreio Aigaio,37.9838,23.7275
Guyane,4.0000,-53.0000
Valle d'Aosta/Vallée d'Aoste,45.7376,7.3172
Mayotte,-12.8275,45.1662
Ciudad de Melilla,35.2923,-2.9381
Ciudad de Ceuta,35.8894,-5.3213
Åland,60.1785,19.9156
Svalbard og Jan Mayen,78.0000,20.0000