Region,Latitude,Longitude
Madrid,40.4168,-3.7038
Barcelona,41.3825,2.1769
Roma,41.9028,12.4964
Paris,48.8566,2.3522
Berlin,52.5200,13.4050
Milano,45.4642,9.1900
Budapest,47.4979,19.0402
Miasto Warszawa,52.2297,21.0122
Stockholms län,59.3293,18.0686
Hamburg,53.5511,9.9937
Grande Lisboa,38.7223,-9.1393
Hauts-de-Seine,48.8566,2.3522
München, Kreisfreie Stadt,48.1351,11.5820
Nord,41.1621,-8.6220
Bucureşti,44.4268,26.1025
Wien,48.2082,16.3738
Groot-Amsterdam,52.3676,4.9041
Valencia/València,39.4699,-0.3763
Rhône,45.7578,4.8320
Beogradska oblast,44.7866,20.4489
Torino,45.0703,7.6869
Napoli,40.8518,14.2681
Sofia (stolitsa),42.6977,23.3219
Bouches-du-Rhône,43.2965,5.3698
Helsinki-Uusimaa,60.1699,24.9384
Hlavní město Praha,50.0755,14.4378
Västra Götalands län,57.7210,12.9400
Dublin,53.3498,-6.2603
Utrecht,52.0907,5.1214
Área Metropolitana do Porto,41.1579,-8.6291
Groot-Rijnmond,51.9244,4.4777
Köln, Kreisfreie Stadt,50.9375,6.9603
Gironde,44.8378,-0.5792
Frankfurt am Main, Kreisfreie Stadt,50.1109,8.6821
Sevilla,37.3891,-5.9845
Arr. de Bruxelles-Capitale/Arr. Brussel-Hoofdstad,50.8503,4.3517
Haute-Garonne,43.6045,1.4440
Alicante/Alacant,38.3453,-0.4830
Seine-Saint-Denis,48.8566,2.3522
Loire-Atlantique,47.2184,-1.5536
Region Hannover,52.3759,9.7320
Kentrikos Tomeas Athinon,37.9838,23.7275
Skåne län,55.7047,13.1910
Málaga,36.7213,-4.4214
Murcia,37.9922,-1.1307
Středočeský kraj,50.0755,14.4378
Jihomoravský kraj,49.1951,16.6068
Val-de-Marne,48.8566,2.3522
Miasto Kraków,50.0614,19.9366
Yvelines,48.8566,2.3522
Brescia,45.5416,10.2118
Düsseldorf, Kreisfreie Stadt,51.2277,6.7735
Isère,45.1885,5.7245
Moravskoslezský kraj,49.8175,15.4730
Seine-et-Marne,48.8566,2.3522
Stuttgart, Stadtkreis,48.7758,9.1829
Bologna,44.4949,11.3426
Essonne,48.8566,2.3522
Byen København,55.6761,12.5683
Seine-Maritime,49.4432,1.0993
Ille-et-Vilaine,48.1173,-1.6778
Bas-Rhin,48.5800,7.7500
Pas-de-Calais,50.6292,3.0573
Thessaloniki,40.6401,22.9444
Firenze,43.7711,11.2486
Pest,47.4979,19.0402
Arr. Antwerpen,51.2194,4.4025
Hérault,43.6119,3.8772
Rīga,56.9496,24.1052
Oslo,59.9139,10.7522
Bergamo,45.6983,9.6773
Alpes-Maritimes,43.2965,5.3698
Bizkaia,43.2630,-2.9350
Bari,41.1258,16.8670
Luxembourg,49.6116,6.1319
Agglomeratie 's-Gravenhage,52.0705,4.3007
Zuidoost-Noord-Brabant,51.6850,5.3034
Vilniaus apskritis,54.6872,25.2797
Miasto Wrocław,51.1079,17.0385
Østjylland,56.2639,9.5018
Kýpros,35.1264,33.4299
A Coruña,43.3623,-8.4115
Bratislavský kraj,48.1482,17.1067
Trójmiejski,54.3520,18.6466
Padova,45.4064,11.8768
Verona,45.4384,10.9916
Zaragoza,41.6488,-0.8891
Val-d'Oise,48.8566,2.3522
Var,43.2965,5.3698
Vicenza,45.5455,11.5354
Treviso,45.6664,12.2421
Katowicki,50.2649,19.0238
Cádiz,36.5271,-6.2886
Nürnberg, Kreisfreie Stadt,49.4521,11.0767
Arnhem/Nijmegen,51.9851,5.8987
Mallorca,39.5342,2.8577
Veluwe,52.2215,6.8937
Bydgosko-toruński,53.1235,18.0084
Asturias,43.3619,-5.8494
Miasto Łódź,51.7592,19.4550
Iaşi,47.1585,27.6014
Sydjylland,55.3785,9.1324
Palermo,38.1157,13.3624
Noordoost-Noord-Brabant,51.6850,5.3034
Salerno,40.6800,14.7597
Genova,44.4056,8.9463
Miasto Poznań,52.4063,16.9252
Pontevedra,42.4336,-8.6481
Finistère,48.1173,-1.6778
Linz-Wels,48.3069,14.2858
Bremen, Kreisfreie Stadt,53.0793,8.8017
Venezia,45.4408,12.3155
Moselle,48.6921,6.1844
Osrednjeslovenska,46.1512,14.9955
Gipuzkoa,43.2569,-2.9234
Københavns omegn,55.6761,12.5683
Cluj,46.7700,23.5800
Ústecký kraj,50.0755,14.4378
Lubelski,51.2465,22.5684
Varese,45.8176,8.8261
Girona,41.9794,2.8214
Grad Zagreb,45.8150,15.9819
Leipzig, Kreisfreie Stadt,51.3397,12.3731
Maine-et-Loire,47.2184,-1.5536
West-Noord-Brabant,51.6850,5.3034
Modena,44.6471,10.9252
Tenerife,28.2916,-16.6291
Monza e della Brianza,45.5845,9.2748
South-West,51.8796,-8.6753
Catania,37.5079,15.0830
Essen, Kreisfreie Stadt,51.4556,7.0116
Poznański,52.4063,16.9252
Dresden, Kreisfreie Stadt,51.0504,13.7373
Põhja-Eesti,58.5953,25.0136
Twente,52.2215,6.8937
Haute-Savoie,45.8992,6.1294
Vestland,60.3913,5.3221
Dortmund, Kreisfreie Stadt,51.5136,7.4653
La Réunion,-21.1151,55.5364
Tarragona,41.1189,1.2445
Voreios Tomeas Athinon,37.9838,23.7275
Timiş,45.7607,21.2266
Gran Canaria,27.95,-15.60
Kielecki,50.8661,20.6286
Granada,37.1773,-3.5986
Žilinský kraj,49.1951,16.6068
Kaliski,51.7592,19.4550
Arr. Gent,51.0543,3.7174
München, Landkreis,48.1351,11.5820
Jihočeský kraj,49.1951,16.6068
Morbihan,48.1173,-1.6778
Städteregion Aachen,50.7753,6.0839
Navarra,42.6954,-1.6761
Zuid-Limburg,51.4427,5.8716
Rzeszowski,50.0412,22.0001
Plovdiv,42.1354,24.7453
Olomoucký kraj,49.5938,17.2509
Almería,36.8402,-2.4679
Calvados,49.1829,-0.3707
Bolzano-Bozen,46.4983,11.3548
Pyrénées-Atlantiques,43.2965,5.3698
Loire,45.7578,4.8320
Bielski,50.2649,19.0238
Prahova,44.3302,26.1039
Constanţa,44.1598,28.6348
Haut-Rhin,48.5800,7.7500
Vendée,46.6701,-1.4280
Plzeňský kraj,49.7475,13.3776
Nitriansky kraj,48.3148,18.0879
Opolski,50.6667,17.9333
Krakowski,50.0614,19.9366
Juznobacka oblast,45.2551,19.8449
Arr. Halle-Vilvoorde,50.8503,4.3517
Nordjylland,56.2639,9.5018
Košický kraj,48.7210,21.2578
Loiret,47.7516,1.6751
Suceava,47.6514,26.2556
Graz,47.0707,15.4395
Warszawski zachodni,52.2297,21.0122
Oise,49.8941,2.2958
Bihor,47.0667,21.9333
Mid-East,53.3498,-6.2603
Bacău,46.5672,26.9138
Puy-de-Dôme,45.7033,3.2549
Kauno apskritis,54.9027,23.9036
Esslingen,48.7428,9.3121
Prešovský kraj,49.0022,21.2399
Perugia,43.1107,12.3898
Córdoba,37.8886,-4.7794
Wrocławski,51.1079,17.0385
Cuneo,44.3888,7.5472
Midden-Noord-Brabant,51.6850,5.3034
Zlínský kraj,49.2244,17.6629
Caserta,41.0748,14.3323
Olsztyński,53.7784,20.4801
Meurthe-et-Moselle,48.6921,6.1844
Gard,43.6119,3.8772
Ludwigsburg,48.8975,9.1919
Rogaland,58.9700,5.7331
Península de Setúbal,38.5243,-8.8946
Lecce,40.3570,18.1720
Trento,46.0667,11.1167
Trenčiansky kraj,48.8945,18.0404
Indre-et-Loire,47.2184,-1.5536
Malta,35.9375,14.3754
Zielonogórski,52.2278,15.2410
Charente-Maritime,45.7434,-0.6259
Královéhradecký kraj,50.2104,15.8258
Bonn, Kreisfreie Stadt,50.7374,7.0982
Mettmann,51.2505,6.9756
Dolj,44.3302,23.7949
Braşov,45.6576,25.6012
Sosnowiecki,50.2649,19.0238
Leszczyński,51.8429,16.5749
Koniński,52.2278,15.2410
Recklinghausen,51.6141,7.1979
Neamţ,47.1585,27.6014
Rhein-Sieg-Kreis,50.7753,6.0839
Banskobystrický kraj,48.7313,19.4524
Ortenaukreis,48.4511,7.8573
Pardubický kraj,49.7305,16.0504
Reggio nell'Emilia,44.6981,10.6297
Argeş,44.3302,26.1039
Arr. Liège,50.6451,5.5734
Marne,48.8566,2.3522
Skopski,41.9981,21.4254
Castellón/Castelló,39.9864,-0.0513
Trøndelag/Trööndelage,63.4305,10.3951
Toledo,39.8628,-4.0273
Badajoz,38.8786,-6.9703
Piotrkowski,51.4055,19.7032
Rhein-Neckar-Kreis,49.4818,8.4713
Vaucluse,43.9499,4.8059
Mannheim, Stadtkreis,49.4875,8.4660
Trnavský kraj,48.3774,17.5873
Münster, Kreisfreie Stadt,51.9625,7.6256
Östergötlands län,58.4108,15.6214
Côte-d'Or,47.0525,4.3837
Kraj Vysočina,49.1951,16.6068
Pirkanmaa,61.4981,23.7600
Białostocki,53.1325,23.1688
Karlsruhe, Stadtkreis,49.0141,8.4044
Udine,46.0640,13.2340
Tarnobrzeski,50.0412,22.0001
Vest- og Sydsjælland,55.6761,12.5683
Como,45.8116,9.0856
Côtes-d'Armor,48.1173,-1.6778
Gdański,54.3520,18.6466
Duisburg, Kreisfreie Stadt,51.4344,6.7623
Drôme,44.9333,4.8904
Miasto Szczecin,53.4285,14.5528
Gütersloh,51.9041,8.3814
Algarve,37.0194,-7.9304
Fyn,55.3785,9.1324
Valladolid,41.6523,-4.7245
Steinfurt,52.1500,7.3500
Ain,45.8992,5.3740
Overig Groningen,53.2194,6.5665
Anatoliki Attiki,37.9838,23.7275
Rybnicki,50.2649,19.0238
Parma,44.8015,10.3280
Peiraias, Nisoi,37.9838,23.7275
Cantabria,43.1828,-3.9878
Győr-Moson-Sopron,47.6845,16.5831
Savoie,45.5740,6.7331
Böblingen,48.6855,9.0235
Mid-West,53.3498,-6.2603
Vestjylland,56.2639,9.5018
Noord-Overijssel,52.4388,6.2650
Sarthe,47.2184,-1.5536
Varsinais-Suomi,60.2934,22.3008
Somme,49.8941,2.2958
West,53.3498,-6.2603
Fejér,47.2797,18.4090
Wałbrzyski,50.7840,16.2844
Bielefeld, Kreisfreie Stadt,52.0302,8.5323
Salzburg und Umgebung,47.8095,13.0550
Borsod-Abaúj-Zemplén,48.1036,20.7784
Radomski,51.4027,21.1471
Doubs,47.2376,6.0226
Karlsruhe, Landkreis,49.0141,8.4044
Chełmsko-zamojski,51.2465,22.5684
Gliwicki,50.2649,19.0238
Borken,51.8439,6.8587
Ancona,43.6168,13.5189
Märkischer Kreis,51.2277,7.7738
Agglomeratie Leiden en Bollenstreek,52.1601,4.4970
Saône-et-Loire,46.6559,4.7223
Częstochowski,50.7840,16.2844
Jaén,37.7796,-3.7849
Cosenza,39.3088,16.3462
Notios Tomeas Athinon,37.9838,23.7275
Rhein-Kreis Neuss,51.1854,6.7233
Lleida,41.6148,0.6264
Latina,41.4676,12.9037
Arr. Hasselt,50.9739,5.3420
Regionalverband Saarbrücken,49.2364,7.0097
Varna,43.2141,27.9147
Nowosądecki,49.6225,20.7050
Elbląski,54.1561,19.4045
Rems-Murr-Kreis,48.8085,9.5038
Manche,49.1829,-0.3707
Arr. Turnhout,51.3216,4.9376
Wesel,51.6664,6.6201
Cávado,41.5355,-8.4259
Szczeciński,53.4285,14.5528
Eure,49.1829,-0.3707
Liberecký kraj,50.7663,15.0543
Oświęcimski,50.0412,22.0001
Arr. Leuven,50.8792,4.7010
Achterhoek,52.2215,6.8937
Zuidoost-Zuid-Holland,52.0705,4.3007
Rhein-Erft-Kreis,50.9375,6.9603
Cagliari,39.2153,9.1096
Emsland,52.6960,7.3421
Warszawski wschodni,52.2297,21.0122
Augsburg, Kreisfreie Stadt,48.3705,10.8978
Foggia,41.4623,15.5446
Bács-Kiskun,46.5661,19.4272
Messina,38.1938,15.5540
Bochum, Kreisfreie Stadt,51.4818,7.2162
Hajdú-Bihar,47.5316,21.6273
Jeleniogórski,50.9020,15.7349
Flevoland,52.5279,5.5954
Wiesbaden, Kreisfreie Stadt,50.0782,8.2398
Ave,41.5355,-8.4259
Taranto,40.4692,17.2400
Vaslui,46.6407,27.7276
Mureş,46.5427,24.5579
Puławski,51.2465,22.5684
Nordsjælland,55.6761,12.5683
Jönköpings län,57.7826,14.1618
Pavia,45.1847,9.1587
Sandomiersko-jędrzejowski,50.0412,22.0001
South-East,53.3498,-6.2603
Tyski,50.2649,19.0238
Main-Kinzig-Kreis,50.1109,8.6821
Pisa,43.7228,10.4017
Região de Coimbra,40.2111,-8.4291
Wiener Umland/Südteil,48.2082,16.3738
Forlì-Cesena,44.2226,12.0408
Sassari,40.7259,8.5557
Uppsala län,59.8586,17.6389
Pohjois-Pohjanmaa,65.0121,25.4651
Kop van Noord-Holland,52.5200,4.7885
Huelva,37.2614,-6.9447
Mantova,45.1564,10.7914
Maramureş,47.6514,23.5734
Unna,51.5364,7.6894
Freiburg im Breisgau, Stadtkreis,48.0223,7.8391
Ilfov,44.4268,26.1025
Ciudad Real,38.9861,-3.9273
Sibiu,45.7983,24.1256
Innlandet,61.1355,11.3746
Innsbruck,47.2692,11.4041
Legnicko-głogowski,51.2093,16.1606
Heilbronn, Landkreis,49.1427,9.2109
Göttingen,51.5413,9.9158
Tâmega e Sousa,41.1621,-8.6220
Burgas,42.5048,27.4626
Osnabrück, Landkreis,52.2799,8.0472
Vienne,46.5802,0.3404
Região de Aveiro,40.6405,-8.6538
Kiel, Kreisfreie Stadt,54.3233,10.1408
Sieradzki,51.5954,18.7302
Galaţi,45.4353,28.0079
Wuppertal, Kreisfreie Stadt,51.2562,7.1508
Pyrénées-Orientales,42.7019,2.8944
Arad,46.1833,21.3167
Border,53.3498,-6.2603
Aisne,49.8941,2.2958
Arr. Nivelles,50.5977,4.3285
Minden-Lübbecke,52.2891,8.6137
Ravenna,44.4184,12.2035
Krośnieński,49.6225,20.7050
Szabolcs-Szatmár-Bereg,48.1036,20.7784
León,42.5994,-5.5713
Offenbach, Landkreis,50.1006,8.7665
Ostalbkreis,48.8085,9.5038
Braunschweig, Kreisfreie Stadt,52.2689,10.5268
Paderborn,51.7189,8.7575
Gorzowski,52.2278,15.2410
Ravensburg,47.7823,9.6108
Frosinone,41.6402,13.3511
Noord-Limburg,51.4427,5.8716
Alessandria,44.9132,8.6100
Reggio Calabria,38.1113,15.6473
Siedlecki,52.1677,22.2901
Starogardzki,53.9667,18.5333
Splitsko-dalmatinska županija,43.5081,16.4402
Tarnowski,50.0412,22.0001
Łomżyński,53.1325,23.1688
Landes,43.9499,4.8059
Lippe,51.9432,8.8788
Chieti,42.3512,13.3984
Łódzki,51.7592,19.4550
Arr. Mechelen,51.0543,3.7174
Pilski,52.2278,15.2410
Mainz, Kreisfreie Stadt,49.9929,8.2473
Lucca,43.8429,10.5027
Regensburg, Kreisfreie Stadt,49.0134,12.1016
Burgos,42.3439,-3.6969
Vâlcea,45.1009,24.0830
Pesaro e Urbino,43.9101,12.9133
Buzău,45.1511,26.8174
Siegen-Wittgenstein,50.8758,8.0243
Oeste,39.3999,-8.2245
Araba/Álava,42.8500,-2.7500
Noord-Friesland,53.1642,5.7818
Deux-Sèvres,46.3259,-0.4604
Hallands län,57.1174,12.2121
Zwickau,50.7180,12.4923
Oost-Zuid-Holland,52.0705,4.3007
Csongrád-Csanád,46.2530,20.1414
Reutlingen,48.4914,9.2113
Olt,44.3302,24.3199
Soest,51.5711,8.1098
Rimini,44.0678,12.5693
Klaipėdos apskritis,55.7033,21.1443
Grudziądzki,53.4833,18.7667
Delft en Westland,52.0116,4.3571
Botoşani,47.7390,26.6634
Dordogne,45.1464,0.7189
Rheintal-Bodenseegebiet,47.6592,9.5436
Kassel, Kreisfreie Stadt,51.3127,9.4797
Novara,45.4459,8.6189
Klagenfurt-Villach,46.6249,14.3099
Kleve,51.7872,6.1387
Irakleio,35.2401,25.2113
Örebro län,59.2753,15.2134
Zlatiborska oblast,43.8563,19.8449
Hochsauerlandkreis,51.3753,8.6214
Eure-et-Loir,48.4439,1.4881
Koszaliński,54.1943,16.1719
Podravska,46.4204,15.8700
Albacete,38.9943,-1.8585
Erzgebirgskreis,50.5860,12.9859
Bytomski,50.2649,19.0238
Ennepe-Ruhr-Kreis,51.3500,7.2833
Arezzo,43.4634,11.8780
Haute-Vienne,45.8376,1.2611
Satu Mare,47.7931,22.8874
Konstanz,47.6633,9.1753
Arr. Kortrijk,50.8037,3.3386
Blagoevgrad,42.0212,23.0940
Agder,58.1460,7.9958
Ostrołęcki,53.0862,21.5757
Chemnitz, Kreisfreie Stadt,50.8320,12.9248
Dytikos Tomeas Athinon,37.9838,23.7275
Dâmboviţa,44.9289,25.4251
Skierniewicki,51.7592,19.4550
Bautzen,51.1814,14.4239
Gorj,45.0314,23.2689
Charente,45.7434,-0.6259
Alba,46.0667,23.5833
Komárom-Esztergom,47.6845,16.5831
Gießen, Landkreis,50.5850,8.6797
Cáceres,39.4752,-6.3724
Martinique,14.6415,-61.0242
Erfurt, Kreisfreie Stadt,50.9848,11.0299
Cremona,45.1332,10.0227
Oberbergischer Kreis,50.9889,7.6282
Hunedoara,45.7674,22.9072
Lõuna-Eesti,58.5953,25.0136
Stara Zagora,42.4258,25.6345
Avellino,40.9144,14.7887
Guadeloupe,16.2650,-61.5510
Tarn,43.6119,3.8772
Brăila,45.2692,27.9575
Warendorf,51.9516,7.9936
Pordenone,45.9540,12.6605
Darmstadt, Kreisfreie Stadt,49.8728,8.6512
Słupski,54.4641,17.0285
Mönchengladbach, Kreisfreie Stadt,51.1805,6.4424
Overig Zeeland,51.4940,3.8497
Magdeburg, Kreisfreie Stadt,52.1205,11.6276
Lecco,45.8552,9.3970
Innviertel,48.2082,16.3738
Macerata,43.3003,13.4534
Włocławski,52.6482,19.0678
La Rioja,42.2871,-2.5396
Veszprém,47.0933,17.9138
Região de Leiria,39.7438,-8.8071
Vosges,48.1735,6.4518
Macvanska oblast,44.2054,21.3411
Nisavska oblast,43.3193,21.8963
Tiroler Oberland,47.2692,11.4041
Arr. Charleroi,50.4114,4.4440
Møre og Romsdal,62.7372,7.1609
Mittelsachsen,50.8320,12.9248
Västerbottens län,64.7501,18.2500
Inowrocławski,52.7887,18.2636
Larisa,39.6391,22.4181
Zagrebačka županija,45.8150,15.9819
Szczecinecko-pyrzycki,53.4285,14.5528
Piacenza,45.0522,9.6934
Viersen,51.2542,6.3944
Livorno,43.5528,10.3080
Arr. Brugge,51.2093,3.2242
Main-Taunus-Kreis,50.1109,8.6821
Lübeck, Kreisfreie Stadt,53.8655,10.6866
Pinneberg,53.6561,9.7894
Zuidwest-Gelderland,51.9851,5.8987
Przemyski,49.6225,20.7050
Potenza,40.6372,15.8029
Aude,43.2181,2.3517
Midland,53.3498,-6.2603
Osnabrück, Kreisfreie Stadt,52.2799,8.0472
Dalarnas län,60.6749,15.6075
Ferrara,44.8350,11.6198
Baranya,46.0776,18.2332
Lot-et-Garonne,44.2026,0.6189
Płocki,52.5467,19.7064
Nyski,50.4718,17.3345
Wolfsburg, Kreisfreie Stadt,52.4227,10.7865
Gävleborgs län,60.6749,16.5448
Sumadijska oblast,43.8563,20.3491
Marburg-Biedenkopf,50.8167,8.7667
Lugo,43.0097,-7.5568
Mayenne,48.3041,-0.6133
Ciechanowski,52.8814,20.6197
Segeberg,53.9362,10.3071
Würzburg, Kreisfreie Stadt,49.7913,9.9534
Salamanca,40.9640,-5.6630
Het Gooi en Vechtstreek,52.2592,5.1669
Fulda,50.5519,9.6757
Hildesheim,52.1508,9.9511
Prato,43.8791,11.0963
Hochtaunuskreis,50.2425,8.4496
Västmanlands län,59.6715,16.2159
Ulm, Stadtkreis,48.4011,9.9876
Brindisi,40.6327,17.9418
Värmlands län,59.7294,13.2354
Sremska oblast,45.2551,19.8449
Herford,52.1145,8.6734
Loir-et-Cher,47.5861,1.3359
Lahn-Dill-Kreis,50.6447,8.3589
Savinjska,46.2389,15.2651
Halle (Saale), Kreisfreie Stadt,51.4822,11.9692
Jász-Nagykun-Szolnok,47.1625,19.5033
Ludwigshafen am Rhein, Kreisfreie Stadt,49.4774,8.4452
Oststeiermark,47.0707,15.4395
Bodenseekreis,47.6592,9.5436
Wetteraukreis,50.3597,8.7590
Teramo,42.6612,13.6990
Siena,43.3186,11.3306
Groß-Gerau,49.9214,8.4816
Arr. Namur,50.4674,4.8720
Allier,46.3448,3.1693
Krefeld, Kreisfreie Stadt,51.3388,6.5853
Rosenheim, Landkreis,47.8564,12.1284
Heidelberg, Stadtkreis,49.3988,8.6724
Ingolstadt, Kreisfreie Stadt,48.7644,11.4258
Düren,50.8023,6.4830
Trapani,38.0180,12.5135
Södermanlands län,59.0336,16.7519
Norrbottens län,66.8309,20.3992
Bistriţa-Năsăud,47.1333,24.4833
Nordland/Nordlánnda,67.2929,14.5602
Yonne,47.7982,3.5708
Rendsburg-Eckernförde,54.3069,9.6628
Região Autónoma da Madeira,32.7607,-16.9595
Pescara,42.4646,14.2139
Barletta-Andria-Trani,41.2003,16.2349
Mecklenburgische Seenplatte,53.6127,12.4296
Catanzaro,38.9108,16.5876
Alkmaar en omgeving,52.6324,4.7534
Nowotarski,49.6225,20.7050
Tübingen, Landkreis,48.5216,9.0576
Rostock, Kreisfreie Stadt,54.0834,12.1004
Stormarn,53.7852,10.3676
Oldenburg (Oldenburg), Kreisfreie Stadt,53.1435,8.2146
Wiener Umland/Nordteil,48.2082,16.3738
Breisgau-Hochschwarzwald,48.0223,7.8391
Schwarzwald-Baar-Kreis,48.0708,8.5341
Göppingen,48.7035,9.6523
Midden-Limburg,51.4427,5.8716
Siracusa,37.0755,15.2866
Karlovarský kraj,50.2319,12.8717
Västernorrlands län,62.3908,17.3069
Região Autónoma dos Açores,37.7412,-25.6756
Agrigento,37.3090,13.5858
Rastatt,48.8575,8.2099
Potsdam, Kreisfreie Stadt,52.3906,13.0645
Achaia,38.2480,21.7380
Pelagoniski,41.3089,21.4542
Teleorman,44.0040,25.2986
Aube,48.2971,4.0744
Bialski,51.2465,22.5684
Šiaulių apskritis,55.9349,23.3137
Biberach,48.0986,9.7888
Ragusa,36.9251,14.7309
Ourense,42.3369,-7.8641
Primorsko-goranska županija,45.3271,14.4422
Gelsenkirchen, Kreisfreie Stadt,51.5177,7.0857
Keski-Suomi,62.2415,25.7590
Schwäbisch Hall,49.1128,9.7395
Görlitz,51.1552,14.9885
Rheinisch-Bergischer Kreis,50.9889,7.6282
Żyrardowski,52.0569,20.4463
Erlangen, Kreisfreie Stadt,49.5961,11.0043
Augsburg, Landkreis,48.3705,10.8978
Aveyron,44.3520,2.5768
Suwalski,54.1113,22.9309
Darmstadt-Dieburg,49.8728,8.6512
Pleven,43.4167,24.6167
L'Aquila,42.3540,13.3920
Pistoia,43.9332,10.9176
Traunviertel,48.2082,16.3738
Meißen,51.1640,13.4737
Moravicka oblast,49.1951,16.6068
Ardèche,44.3520,4.3879
Heves,47.6021,20.2831
Bergstraße,49.6529,8.6244
Cher,47.0833,2.4000
Kalmar län,56.6634,16.3568
Freising,48.4028,11.7488
Lakonia, Messinia,37.0745,22.4304
Vrancea,45.7959,27.0129
Ialomiţa,44.6389,26.8934
Heinsberg,51.0630,6.0964
Kurzeme,56.8796,21.6516
Niederösterreich-Süd,48.2082,16.3738
Viseu Dão Lafões,40.6575,-7.9143
Koblenz, Kreisfreie Stadt,50.3569,7.5890
Pohjois-Savo,62.9079,27.6793
Latgale,56.8796,24.6032
Vas,47.0933,16.6816
Arr. Sint-Niklaas,51.1641,4.1349
Kalymnos, Karpathos – Iroiki Nisos Kasos, Kos, Rodos,36.8933,27.2881
Vorpommern-Greifswald,53.6127,12.4296
Østsjælland,55.6761,12.5683
Ruse,43.8356,25.9657
Békés,46.7700,21.1300
Viterbo,42.4175,12.1049
Raska oblast,43.8563,20.3491
Mostviertel-Eisenwurzen,48.2082,16.3738
Rasinska oblast,43.8563,20.3491
Savona,44.3080,8.4811
Orne,48.4308,0.1035
Călăraşi,44.2060,27.3336
Lörrach,47.6160,7.6648
Trieste,45.6495,13.7768
Diepholz,52.7028,8.3708
Coesfeld,51.7439,7.1687
Kronobergs län,56.8777,14.8091
Vogtlandkreis,50.4962,12.1378
Juznobanatska oblast,45.2551,19.8449
Agglomeratie Haarlem,52.3874,4.6462
Osječko-baranjska županija,45.5550,18.6955
Zala,46.7489,16.8354
Huesca,42.1361,-0.4087
Karditsa, Trikala,39.3653,21.9214
Sächsische Schweiz-Osterzgebirge,50.9222,13.9452
Harghita,46.3590,25.8038
Vidzeme,56.8796,24.6032
Leipzig,51.3397,12.3731
Ełcki,53.8282,22.3646
Harburg,53.4600,9.9839
Vechta,52.7262,8.2864
Westerwaldkreis,50.5401,7.8931
Zuidoost-Friesland,53.1642,5.7818
Kassel, Landkreis,51.3127,9.4797
Vorpommern-Rügen,54.3090,13.0900
Lezíria do Tejo,39.3999,-8.2245
Sofia,42.6977,23.3219
Alto Minho,41.7049,-8.8305
Satakunta,61.4859,21.7975
Jugoistočen,41.9981,21.4254
Cloppenburg,52.8450,8.0431
Mayen-Koblenz,50.3280,7.4478
Heilbronn, Stadtkreis,49.1427,9.2109
Waldviertel,48.2082,16.3738
Tulcea,45.1716,28.7914
Tarn-et-Garonne,44.0119,1.3544
Somogy,46.4100,17.5833
Jura,46.6667,5.5500
Sud Sardegna,39.2153,9.1096
Hagen, Kreisfreie Stadt,51.3671,7.4633
Traunstein,47.8687,12.6436
Corrèze,45.3424,1.8747
Zollernalbkreis,48.2817,8.7231
Jablanicka oblast,43.8563,20.3491
Rovigo,45.0711,11.7903
Nordsachsen,51.3397,12.3731
Veliko Tarnovo,43.0757,25.6172
Saarlouis,49.3167,6.7500
Ostholstein,54.1667,10.8500
Dytiki Attiki,37.9838,23.7275
Landkreis Rostock,54.0834,12.1004
Nordfriesland,54.4754,8.9830
Arr. Maaseik,51.0951,5.7915
Arr. Aalst,50.9378,4.0409
La Spezia,44.1070,9.8282
Mehedinţi,44.6369,22.6597
Istarska županija,45.1286,13.9016
Oberhausen, Kreisfreie Stadt,51.4780,6.8625
Arr. Tournai-Mouscron,50.6056,3.3880
Smolyan,41.5744,24.7114
Stade,53.5934,9.4763
Grosseto,42.7600,11.1125
Panevėžio apskritis,55.7348,24.3575
Belluno,46.1384,12.2170
Sălaj,47.1943,23.0565
Chojnicki,53.6956,17.5570
Noord-Drenthe,52.9476,6.6231
Pazardzhik,42.1928,24.3336
Hautes-Pyrénées,43.2333,0.0667
Ardennes,49.6500,4.6500
Pološki,41.9981,21.4254
Benevento,41.1295,14.7822
Passau, Landkreis,48.5665,13.4312
Harz,51.8395,10.9379
Potsdam-Mittelmark,52.3906,13.0645
Gorenjska,46.2389,14.3556
Etelä-Pohjanmaa,62.7917,22.8283
Neu-Ulm,48.3939,10.0111
Schleswig-Flensburg,54.6333,9.5667
Sankt Pölten,48.2047,15.6256
Neuwied,50.4287,7.4618
Terni,42.5633,12.6439
Tuttlingen,47.9846,8.8176
Zemgale,56.8796,24.6032
Douro,41.1621,-8.6220
IJmond,52.4588,4.6016
Lüneburg, Landkreis,53.2465,10.4111
Ascoli Piceno,42.8550,13.5750
Arr. Mons,50.4542,3.9529
Waldeck-Frankenberg,51.1979,8.8661
Pinzgau-Pongau,47.3292,13.2029
Haskovo,41.9344,25.5556
Beiras e Serra da Estrela,40.2111,-8.4291
Aurich,53.4713,7.4826
Ludwigslust-Parchim,53.6127,12.4296
Kolubarska oblast,44.2054,20.9376
Saarpfalz-Kreis,49.2364,7.0097
Pomoravska oblast,49.1951,16.6068
Pohjanmaa,63.0961,21.6158
Enzkreis,48.8085,9.5038
Hamm, Kreisfreie Stadt,51.6804,7.8209
Ansbach, Landkreis,49.3090,10.5716
Guadalajara,40.6296,-3.1665
Tolna,46.4100,18.7833
Haute-Loire,45.0854,3.8132
Päijät-Häme,61.0415,25.7209
Rotenburg (Wümme),53.1112,9.3871
Euskirchen,50.6606,6.7872
Saalekreis,51.4822,11.9692
Donau-Ries,48.6959,10.6875
Médio Tejo,39.7438,-8.8071
Covasna,45.8476,26.1821
Teltow-Fläming,52.3906,13.0645
Mainz-Bingen,49.9929,8.2473
Arr. Roeselare,50.9455,3.1231
Aitoloakarnania,38.7080,21.3797
Celle,52.6226,10.0805
Alb-Donau-Kreis,48.4011,9.9876
Asti,44.9008,8.2061
Argolida, Arkadia,37.6525,22.8012
Cuenca,40.0718,-2.1340
Indre,46.8100,1.7000
Leverkusen, Kreisfreie Stadt,51.0303,6.9843
West- und Südsteiermark,47.0707,15.4395
Dahme-Spreewald,52.3906,13.0645
Mühlviertel,48.2082,16.3738
Fürstenfeldbruck,48.1777,11.2557
Zuidwest-Overijssel,52.4388,6.2650
Schwalm-Eder-Kreis,51.0378,9.3858
Oberhavel,52.3906,13.0645
Lappi,67.7500,24.5000
Schwandorf,49.3254,12.1098
Lodi,45.3099,9.5007
Olpe,51.0280,7.8510
Mülheim an der Ruhr, Kreisfreie Stadt,51.4270,6.8817
Limburg-Weilburg,50.3833,8.0500
Oberallgäu,47.5097,10.2798
Pcinjska oblast,43.8563,20.3491
Branicevska oblast,44.2054,21.3411
Fthiotida,38.9560,22.4210
Nürnberger Land,49.4521,11.0767
Haute-Saône,47.5833,6.2500
Emmendingen,48.1205,7.8486
Campobasso,41.5600,14.6643
Salzlandkreis,51.4822,11.9692
Pforzheim, Stadtkreis,48.8922,8.6946
Trier, Kreisfreie Stadt,49.7569,6.6415
Cuxhaven,53.8616,8.6940
Wartburgkreis,50.9848,11.0299
Waldshut,47.6233,8.2177
Rottweil,48.1678,8.6273
Bamberg, Kreisfreie Stadt,49.8917,10.8873
Kanta-Häme,60.9971,24.4660
Podunavska oblast,44.2054,21.3411
Steyr-Kirchdorf,48.2082,16.3738
Cham,49.2257,12.6556
Börde,52.1205,11.6276
Main-Tauber-Kreis,49.6658,9.6853
Sondrio,46.1709,9.8715
Aschaffenburg, Landkreis,49.9740,9.1498
Bad Kreuznach,49.8460,7.8670
Guyane,4.0000,-53.0000
Zaanstreek,52.4588,4.6016
Weilheim-Schongau,47.8415,11.1338
Oder-Spree,52.3906,13.0645
Imperia,43.8879,8.0301
Nuoro,40.3219,9.3296
Unterallgäu,48.0019,10.4495
Świecki,53.9667,18.5333
Grafschaft Bentheim,52.4588,7.3700
Giurgiu,43.9037,25.9699
Starnberg,47.9971,11.3409
Arr. Verviers — communes francophones,50.5906,5.8624
Zuidwest-Drenthe,52.9476,6.6231
Zuidoost-Drenthe,52.9476,6.6231
Solingen, Kreisfreie Stadt,51.1702,7.0831
Istočen,41.9981,21.4254
Hohenlohekreis,49.2500,9.6667
Magnisia, Sporades,39.3653,22.9459
Burgenlandkreis,51.4822,11.9692
Chania,35.5138,24.0180
Heidekreis,52.8675,9.5928
Jena, Kreisfreie Stadt,50.9271,11.5892
Varaždinska županija,46.3044,16.3374
Caraş-Severin,45.0421,21.9990
Nièvre,47.0000,3.5000
Alentejo Central,38.5667,-7.9000
Herzogtum Lauenburg,53.5934,10.6788
Leer,53.2314,7.4611
Gers,43.6951,0.6260
Östliche Obersteiermark,47.0707,15.4395
Matera,40.6675,16.5976
Blekinge län,56.2783,15.0180
Günzburg,48.4550,10.2763
Severnobacka oblast,45.2551,19.8449
Caltanissetta,37.4901,14.0629
Nordburgenland,47.8095,16.7494
Kaiserslautern, Kreisfreie Stadt,49.4447,7.7690
Hameln-Pyrmont,52.1039,9.3641
Kymenlaakso,60.8686,26.7041
Landshut, Landkreis,48.5362,12.1518
Haute-Corse,42.0396,9.0129
Ostallgäu,47.7777,10.6297
Massa-Carrara,44.0333,10.1333
Regensburg, Landkreis,49.0134,12.1016
Sigmaringen,48.0887,9.2164
Neumarkt i. d. OPf.,49.2804,11.4629
Märkisch-Oderland,52.3906,13.0645
Deggendorf,48.8373,12.9665
Ileia,37.8937,21.1453
Anhalt-Bitterfeld,51.7173,12.0444
Barnim,52.3906,13.0645
Fermo,43.1632,13.7189
Evvoia,38.5000,24.0000
Corse-du-Sud,42.0396,9.0129
Biella,45.5624,8.0584
Jugozapaden,42.6977,23.3219
Haute-Marne,48.1111,5.1413
Jugovzhodna Slovenija,45.8150,15.9819
Offenbach am Main, Kreisfreie Stadt,50.1006,8.7665
Vercelli,45.3257,8.4261
Calw,48.7194,8.7401
Rheingau-Taunus-Kreis,50.1109,8.6821
Schaumburg,52.2833,9.1333
Verden,52.9234,9.2349
Heidenheim,48.6780,10.1516
Erlangen-Höchstadt,49.5961,11.0043
Neckar-Odenwald-Kreis,49.3988,9.2604
Shumen,43.2712,26.9361
Lot,44.5000,1.5000
Bayreuth, Kreisfreie Stadt,49.9451,11.5787
Ioannina,39.6650,20.8517
Arr. Dendermonde,51.0310,4.1014
Segovia,40.9429,-4.1088
Schwerin, Kreisfreie Stadt,53.6355,11.4012
Pohjois-Karjala,62.6000,29.7667
Zuidwest-Friesland,53.1642,5.7818
Kardzhali,41.6500,25.3667
Alpes-de-Haute-Provence,44.0920,6.2379
Grevena, Kozani,40.3000,21.5000
Herne, Kreisfreie Stadt,51.5369,7.2009
Srednjobanatska oblast,45.2551,19.8449
Ammerland,53.2479,7.9258
Arr. Tongeren,50.7808,5.4647
Dingolfing-Landau,48.6315,12.4928
Freudenstadt,48.4630,8.4112
Zapadnobacka oblast,45.2551,19.8449
Dachau,48.2600,11.4340
Bremerhaven, Kreisfreie Stadt,53.5396,8.5809
Altötting,48.2257,12.6757
Schweinfurt, Kreisfreie Stadt,50.0495,10.2218
Höxter,51.7750,9.3789
Unterkärnten,46.6249,14.3099
Palencia,42.0096,-4.5288
Eivissa y Formentera,38.9089,1.4327
Fürth, Kreisfreie Stadt,49.4771,10.9887
Sliven,42.6858,26.3291
Gotha,50.9489,10.7183
Hautes-Alpes,44.6667,6.5000
Hersfeld-Rotenburg,50.8784,9.7288
Lääne-Eesti,58.5953,25.0136
Voiotia,38.3754,23.5364
Zadarska županija,44.1194,15.2314
Dithmarschen,54.1333,9.0833
Main-Spessart,50.1109,8.6821
Meuse,49.0000,5.5000
Nordwestmecklenburg,53.6127,12.4296
Lanzarote,29.0456,-13.6581
Jämtlands län,63.1712,14.9592
Northeim,51.7067,10.0000
Goslar,51.9043,10.4277
Andros, Thira, Kea, Milos, Mykonos, Naxos, Paros, Syros, Tinos,37.0000,25.0000
Cottbus, Kreisfreie Stadt,51.7563,14.3329
Miltenberg,49.7035,9.2644
Aschaffenburg, Kreisfreie Stadt,49.9740,9.1498
Zamora,41.5033,-5.7448
Alytaus apskritis,54.3963,24.0411
Pella,40.7617,22.5255
Gifhorn,52.4777,10.5510
Marijampolės apskritis,54.5711,23.3525
Pfaffenhofen a. d. Ilm,48.5304,11.5050
Ebersberg,48.0771,11.9694
Remscheid, Kreisfreie Stadt,51.1787,7.1897
Flensburg, Kreisfreie Stadt,54.7937,9.4390
Germersheim,49.2231,8.3639
Erding,48.3061,11.9069
Havelland,52.3906,13.0645
Würzburg, Landkreis,49.7913,9.9534
Evros,41.1275,26.5385
Rottal-Inn,48.3350,12.9833
Valle d'Aosta/Vallée d'Aoste,45.7376,7.3172
Nienburg (Weser),52.6381,9.2053
Vratsa,43.2102,23.5525
Mühldorf a. Inn,48.2467,12.5236
Eichstätt,48.8917,11.1839
Vardarski,41.9981,21.4254
Bernkastel-Wittlich,49.9599,7.0642
Ávila,40.6564,-4.7003
Steinburg,53.9215,9.5270
Telšių apskritis,55.9850,22.2475
Schmalkalden-Meiningen,50.7211,10.4158
Cantal,45.0500,2.6667
Salzgitter, Kreisfreie Stadt,52.1504,10.3593
Bad Tölz-Wolfratshausen,47.7611,11.5584
Gorizia,45.9410,13.6215
Landsberg am Lech,48.0529,10.8790
Teruel,40.3457,-1.1065
Roth,49.2450,11.0911
Dobrich,43.5726,27.8273
Verbano-Cusio-Ossola,45.9380,8.5300
Montana,43.4125,23.2250
Oldenburg, Landkreis,53.1435,8.2146
Kelheim,48.9175,11.8861
Rhein-Hunsrück-Kreis,50.0400,7.5000
Korinthia,37.9375,22.9322
Ariège,42.9667,1.6000
Landshut, Kreisfreie Stadt,48.5362,12.1518
Oost-Groningen,53.2194,6.5665
Aichach-Friedberg,48.4577,11.1309
Berchtesgadener Land,47.6314,12.8756
Thasos, Kavala,40.9396,24.4069
Goriška,45.9550,13.6439
Altenkirchen (Westerwald),50.6879,7.6458
Imathia,40.6000,22.4000
Etelä-Savo,62.0000,27.5000
Neumünster, Kreisfreie Stadt,54.0715,9.9817
Bamberg, Landkreis,49.8917,10.8873
Sisačko-moslavačka županija,45.4667,16.3783
Toplicka oblast,43.8563,20.3491
Oristano,39.9050,8.5919
Neunkirchen,49.3449,7.1800
Passau, Kreisfreie Stadt,48.5665,13.4312
Obalno-kraška,45.8150,15.9819
Miesbach,47.7894,11.8328
Ahrweiler,50.5453,7.1069
Krapinsko-zagorska županija,46.1000,15.8667
Bad Kissingen,50.2000,10.0833
Territoire de Belfort,47.6422,6.8539
Arr. Oostende,51.2313,2.9126
Razgrad,43.5400,26.5283
Rieti,42.4044,12.8617
Wittenberg,51.8751,12.6487
Vukovarsko-srijemska županija,45.2228,18.9103
Gabrovo,42.8742,25.3178
Crotone,39.0808,17.1270
Rodopi,41.2333,25.5000
Etelä-Karjala,61.0000,28.0000
Alentejo Litoral,38.0000,-8.5000
Mayotte,-12.8275,45.1662
Baixo Alentejo,38.0104,-7.8635
Mansfeld-Südharz,51.4822,11.9692
Kempten (Allgäu), Kreisfreie Stadt,47.7277,10.3138
Rhein-Lahn-Kreis,50.3000,7.8000
Terras de Trás-os-Montes,41.5000,-7.0000
Severnobanatska oblast,45.2551,19.8449
Serres,41.0931,23.5624
Uckermark,53.2500,13.8667
Trier-Saarburg,49.7569,6.6415
Tiroler Oberland,47.2692,11.4041
Oberkärnten,46.6249,14.3099
Zeeuwsch-Vlaanderen,51.3333,3.8167
Arta, Preveza,39.1586,20.9854
Pieria,40.2397,22.4659
Kirde-Eesti,58.5953,25.0136
Rosenheim, Kreisfreie Stadt,47.8564,12.1284
Kerkyra,39.6243,19.9217
Yambol,42.4832,26.5108
Lovech,43.1333,24.7167
Ilm-Kreis,50.7211,10.8880
Dubrovačko-neretvanska županija,42.6507,18.0944
Oberspreewald-Lausitz,51.7173,14.0444
Kitzingen,49.7390,10.1507
Nógrád,47.9044,19.0492
Vibo Valentia,38.6753,16.0969
Gera, Kreisfreie Stadt,50.8772,12.0799
Utenos apskritis,55.4964,25.6022
Bad Dürkheim,49.4619,8.1723
Neustadt a. d. Aisch-Bad Windsheim,49.5808,10.6111
Pernik,42.5999,23.0308
Kyustendil,42.2839,22.6911
Dillingen a.d. Donau,48.5814,10.4953
Alzey-Worms,49.7842,8.1176
Hof, Landkreis,50.3167,11.9167
Arr. Ieper,50.8510,2.8855
Bludenz-Bregenzer Wald,47.1548,9.8226
Borska oblast,44.2054,21.3411
Forchheim,49.7195,11.0581
Wilhelmshaven, Kreisfreie Stadt,53.5229,8.1319
Kesk-Eesti,58.5953,25.0136
Brodsko-posavska županija,45.1667,18.0167
Südliche Weinstraße,49.2500,8.1000
Peine,52.3233,10.2333
Xanthi,41.1414,24.8836
Zajecarska oblast,43.8563,20.3491
Ostprignitz-Ruppin,52.8333,12.8333
Bottrop, Kreisfreie Stadt,51.5232,6.9223
Unstrut-Hainich-Kreis,51.1178,10.4439
Stendal,52.6069,11.8587
Vogelsbergkreis,50.6444,9.3858
Neuburg-Schrobenhausen,48.7323,11.1779
Alto Alentejo,39.0000,-7.5000
Plön,54.1624,10.4233
Garmisch-Partenkirchen,47.4921,11.0958
Fuerteventura,28.3587,-14.0537
Pomurska,46.7000,16.1667
Eichsfeld,51.3789,10.2128
Karlovačka županija,45.4929,15.5553
Međimurska županija,46.4000,16.4333
Worms, Kreisfreie Stadt,49.6341,8.3507
Weißenburg-Gunzenhausen,49.0314,10.9722
Arr. Oudenaarde,50.8518,3.6080
Rhein-Pfalz-Kreis,49.4447,8.3735
Saalfeld-Rudolstadt,50.6486,11.3593
Arr. Tielt,50.9997,3.3271
Silistra,44.1167,27.2667
Lindau (Bodensee),47.5461,9.6843
Merzig-Wadern,49.4433,6.6386
Friesland (DE),53.5934,7.8750
Spree-Neiße,51.7173,14.0444
Rhön-Grabfeld,50.3964,10.2044
Targovishte,43.2592,26.5892
Elbe-Elster,51.6000,13.4333
Uelzen,52.9657,10.5611
Enna,37.5676,14.2795
Werra-Meißner-Kreis,51.2000,10.0000
Neustadt a. d. Waldnaab,49.7310,12.1703
Westliche Obersteiermark,47.0707,15.4395
Koprivničko-križevačka županija,46.1667,16.8333
Severoistočen,41.9981,21.4254
Regen,48.9680,13.1239
Creuse,46.0833,2.0500
Osterholz,53.2267,8.7957
Baden-Baden, Stadtkreis,48.7616,8.2408
Coburg, Kreisfreie Stadt,50.2581,10.9643
Eifelkreis Bitburg-Prüm,49.9744,6.5236
Straubing, Kreisfreie Stadt,48.8813,12.5737
Lesvos, Limnos,39.2103,26.3051
Amberg-Sulzbach,49.4459,11.8467
Wesermarsch,53.3333,8.4833
Haßberge,50.0322,10.5000
Dessau-Roßlau, Kreisfreie Stadt,51.8607,12.2456
Arr. La Louvière,50.4747,4.1848
Soria,41.7640,-2.4688
Südburgenland,47.1276,16.1620
Speyer, Kreisfreie Stadt,49.3194,8.4311
Emden, Kreisfreie Stadt,53.3675,7.2062
Straubing-Bogen,48.8813,12.5737
Weiden i. d. Opf, Kreisfreie Stadt,49.6769,12.1561
Tauragės apskritis,55.2500,22.2900
Weinviertel,48.5000,16.5000
Bjelovarsko-bilogorska županija,45.9000,16.8333
Odenwaldkreis,49.7093,8.9887
Wunsiedel i. Fichtelgebirge,50.0396,12.0034
St. Wendel,49.4667,7.1667
Brandenburg an der Havel, Kreisfreie Stadt,52.4084,12.5626
Freyung-Grafenau,48.8029,13.5465
Liezen,47.5670,14.2428
Beira Baixa,40.0000,-7.5000
Arr. Ath,50.6303,3.7769
Birkenfeld,49.6481,7.1836
Memmingen, Kreisfreie Stadt,47.9837,10.1803
Greiz,50.6549,12.1924
Wolfenbüttel,52.1620,10.5409
Kulmbach,50.1057,11.4508
Schweinfurt, Landkreis,50.0495,10.2218
Frankfurt (Oder), Kreisfreie Stadt,52.3471,14.5506
Jerichower Land,52.5000,12.1667
Arr. Huy,50.5189,5.2326
Nordhausen,51.5018,10.7957
Ansbach, Kreisfreie Stadt,49.3090,10.5716
Fürth, Landkreis,49.4771,10.9887
Rethymni,35.3650,24.4823
Tirschenreuth,49.8826,12.3311
Coburg, Landkreis,50.2581,10.9643
Saale-Orla-Kreis,50.6486,11.3593
Lichtenfels,50.1456,11.0648
Amberg, Kreisfreie Stadt,49.4459,11.8467
Arr. Dinant,50.2570,4.9126
Šibensko-kninska županija,43.7369,15.8963
Prignitz,53.0833,11.8500
Kaiserslautern, Landkreis,49.4447,8.3735
Altenburger Land,50.9878,12.4339
Bayreuth, Landkreis,49.9451,11.5787
Altmarkkreis Salzwedel,52.8544,11.1525
Saale-Holzland-Kreis,50.9271,11.5892
Weimar, Kreisfreie Stadt,50.9795,11.3235
Landau in der Pfalz, Stadtkreis,49.1984,8.1169
Hof, Kreisfreie Stadt,50.3167,11.9167
Kronach,50.2396,11.3331
Chalkidiki,40.3000,23.4000
Kainuu,64.2500,28.0000
Pirotska oblast,43.8563,20.3491
Weimarer Land,50.9795,11.3235
Alto Tâmega e Barroso,41.5000,-7.5000
Posavska,45.4667,15.4000
Delmenhorst, Kreisfreie Stadt,53.0507,8.6317
Melilla,35.2923,-2.9381
Arr. Soignies,50.5779,4.0713
Holzminden,51.8290,9.4455
Lozère,44.5000,3.5000
Ceuta,35.8894,-5.3213
Cochem-Zell,50.1453,7.1638
Menorca,39.9676,4.0827
Gotlands län,57.4684,18.4867
Vulkaneifel,50.1735,6.8423
Helmstedt,52.2279,11.0102
Arr. Eeklo,51.1853,3.5566
Keski-Pohjanmaa,63.8333,23.1167
Donnersbergkreis,49.6253,7.8734
Koroška,46.4400,14.1600
La Palma,28.6835,-17.7642
Lasithi,35.1850,25.7100
Sömmerda,51.1592,11.1182
Kilkis,40.9937,22.8754
Isernia,41.6000,14.2333
Bezirk Verviers — Deutschsprachige Gemeinschaft,50.5906,5.8624
Drama,41.1514,24.1394
Vidin,43.9940,22.8745
Neustadt an der Weinstraße, Kreisfreie Stadt,49.3500,8.1500
Zakynthos,37.7913,20.8952
Kyffhäuserkreis,51.3756,11.2086
Kaufbeuren, Kreisfreie Stadt,47.8820,10.6216
Virovitičko-podravska županija,45.8328,17.3846
Arr. Thuin,50.2863,4.2860
Pirmasens, Kreisfreie Stadt,49.2014,7.6053
Arr. Neufchâteau,49.8414,5.4354
Osttirol,46.7500,12.5000
Arr. Veurne,51.0725,2.6681
Sonneberg,50.3596,11.1747
Frankenthal (Pfalz), Kreisfreie Stadt,49.5341,8.3536
Wittmund,53.5744,7.7784
Hildburghausen,50.4261,10.7318
Arr. Marche-en-Famenne,50.2268,5.3432
Südwestpfalz,49.2167,7.6000
Požeško-slavonska županija,45.3403,17.6853
Zweibrücken, Kreisfreie Stadt,49.2491,7.3598
Schwabach, Kreisfreie Stadt,49.3295,11.0207
Arr. Waremme,50.6976,5.2552
Primorsko-notranjska,45.8150,15.9819
Lüchow-Dannenberg,53.0000,11.1667
Arr. Arlon,49.6833,5.8167
Suhl, Kreisfreie Stadt,50.6096,10.6930
Chios,38.3734,26.1392
Kusel,49.5377,7.4047
Delfzijl en omgeving,53.3300,6.9167
Arr. Diksmuide,51.0325,2.8638
Arr. Philippeville,50.1960,4.5430
Florina,40.7826,21.4096
Thesprotia,39.5200,20.2700
Bornholm,55.0000,15.0000
Ikaria, Samos,37.6700,26.3000
Kastoria,40.5167,21.2667
Außerfern,47.2692,11.4041
Zasavska,46.2389,15.2651
Ličko-senjska županija,44.6566,15.4660
Åland,60.1785,19.9156
Arr. Bastogne,50.0008,5.7185
Gozo and Comino/Għawdex u Kemmuna,36.0446,14.2512
Mittelburgenland,47.4439,16.5453
Fokida,38.5000,22.1000
Arr. Virton,49.5672,5.5325
Ithaki, Kefallinia,38.4500,20.6000
Lungau,47.1294,13.7485
Lefkada,38.8333,20.7000
Evrytania,39.0000,21.5000
La Gomera,28.1000,-17.2167
El Hierro,27.7500,-18.0000
Svalbard,78.0000,20.0000