Region,Latitude,Longitude
Nordrhein-Westfalen,51.4333,7.6667
Bayern,48.7904,11.4979
Nord-Ovest,45.4667,9.1833
Ile de France,48.8566,2.3522
Baden-Württemberg,48.7758,9.1829
Este,45.6500,11.0000
Nord-Est,45.5387,10.2222
Centro (IT),43.0000,12.5000
Česko,49.8175,15.4730
West-Nederland,52.0800,4.3100
Continente,39.3999,-8.2245
Sud,40.8363,14.3064
Niedersachsen,52.7562,9.3933
Sur,37.9922,-3.4681
Auvergne-Rhône-Alpes,45.7578,4.8320
Comunidad de Madrid,40.4168,-3.7038
Makroregion południowy,50.2649,19.0238
Hessen,50.1109,8.6821
Danmark,56.2639,9.5018
Vlaams Gewest,51.0543,3.7174
Makroregion północno-zachodni,53.4285,14.5528
Norge,60.4720,8.4689
Makroregion województwo mazowieckie,52.2297,21.0122
Manner-Suomi,64.0000,26.0000
Makroregion północny,54.3520,18.6466
Nouvelle-Aquitaine,44.8378,-0.5792
Macroregiunea Doi,46.7700,23.5800
Occitanie,43.6045,1.4440
Ireland,53.1424,-7.6921
Slovensko,48.6690,19.6990
Macroregiunea Trei,45.6500,25.6100
Hauts-de-France,50.6292,3.0573
Provence-Alpes-Côte d'Azur,43.2965,5.3698
Makroregion wschodni,51.2465,22.5684
Södra Sverige,57.7210,12.9400
Östra Sverige,59.3293,18.0686
Grand Est,48.5734,7.7521
Macroregiunea Unu,44.4305,26.1230
Isole,38.1150,13.3665
Centro (ES),39.4750,-6.3750
Közép-Magyarország,47.4979,19.0402
Berlin,52.5200,13.4050
Zuid-Nederland,51.6877,5.2984
Noreste,43.3000,-2.9833
Sachsen,51.0504,13.7373
Rheinland-Pfalz,49.9137,7.4481
Oost-Nederland,52.2215,6.8937
Ostösterreich,48.2082,16.3738
Yugozapadna i Yuzhna tsentralna Bulgaria,42.6977,23.3219
Attiki,37.9838,23.7275
Srbija - sever,45.2551,19.8449
Makroregion południowo-zachodni,51.1079,17.0385
Westösterreich,47.2692,11.4041
Noroeste,43.3619,-5.8494
Pays de la Loire,47.2184,-1.5536
Hrvatska,45.1000,15.2000
Makroregion centralny,52.4064,16.9252
Srbija - jug,42.6723,21.1645
Macroregiunea Patru,47.1585,27.6014
Severna i Yugoiztochna Bulgaria,43.2141,27.9147
Schleswig-Holstein,54.3233,10.1408
Bretagne,48.1173,-1.6778
Lietuva,55.1694,23.8813
Normandie,49.4432,1.0993
Alföld és Észak,47.5316,21.6273
Région wallonne,50.4669,4.8670
Hamburg,53.5511,9.9937
Voreia Elláda,40.6401,22.9444
Dunántúl,47.6845,16.5831
Kentriki Elláda,37.9842,23.7350
Brandenburg,52.4125,12.5316
Bourgogne-Franche-Comté,47.2376,6.0226
Slovenija,46.1512,14.9955
Thüringen,50.9848,11.0299
Centre — Val de Loire,47.7516,1.6751
Sachsen-Anhalt,52.1205,11.6276
Südösterreich,46.6249,14.3099
Latvija,56.9496,24.1052
Noord-Nederland,53.2194,6.5665
Norra Sverige,63.8258,20.2630
Canarias,28.2916,-16.6291
Severna Makedonija,41.9981,21.4254
Mecklenburg-Vorpommern,53.6127,12.4296
RUP FR — Régions Ultrapériphériques Françaises,16.2500,-61.5833
Région de Bruxelles-Capitale/Brussels Hoofdstedelijk Gewest,50.8503,4.3517
Eesti,58.5953,25.0136
Nisia Aigaiou, Kriti,35.2401,24.8093
Saarland,49.3964,7.0230
Luxembourg,49.6116,6.1319
Kýpros,35.1264,33.4299
Bremen,53.0793,8.8017
Malta,35.9375,14.3754
Corse,42.0396,9.0129
Região Autónoma da Madeira,32.7607,-16.9595
Região Autónoma dos Açores,37.7412,-25.6756
Åland,60.1785,19.9156